program,e0,e1,wind_dir_from_deg,wind_speed_ms,n_hours
book_cliffs,2023-10-26,2023-10-26,258.9,13.1,4
book_cliffs,2023-11-16,2023-11-16,241.1,9.0,4
book_cliffs,2023-11-19,2023-11-19,269.7,5.0,4
book_cliffs,2023-11-24,2023-11-24,209.8,3.7,4
book_cliffs,2023-12-01,2023-12-03,298.9,12.2,12
book_cliffs,2024-01-07,2024-01-07,222.3,4.4,4
book_cliffs,2024-01-09,2024-01-14,302.3,14.2,24
book_cliffs,2024-01-17,2024-01-17,264.8,9.8,4
book_cliffs,2024-01-25,2024-01-25,244.9,3.2,4
book_cliffs,2024-02-01,2024-02-03,235.1,5.0,12
book_cliffs,2024-02-05,2024-02-08,209.8,9.5,16
book_cliffs,2024-02-15,2024-02-16,278.5,8.3,8
book_cliffs,2024-02-18,2024-02-21,233.9,7.9,16
book_cliffs,2024-02-26,2024-02-27,275.1,14.0,8
book_cliffs,2024-03-02,2024-03-04,252.2,11.7,12
book_cliffs,2024-03-06,2024-03-06,261.3,8.4,4
book_cliffs,2024-03-12,2024-03-12,255.7,6.6,4
book_cliffs,2024-03-15,2024-03-15,114.8,7.1,4
book_cliffs,2024-03-23,2024-03-26,302.4,5.5,16
book_cliffs,2024-03-28,2024-03-31,222.3,7.7,16
book_cliffs,2024-04-15,2024-04-15,218.3,3.5,4
book_cliffs,2024-04-26,2024-04-27,250.6,2.8,8
book_cliffs,2024-05-05,2024-05-05,205.2,16.2,4
cache_valley_uav,2023-10-26,2023-10-26,258.1,12.2,4
cache_valley_uav,2023-11-07,2023-11-07,278.6,7.8,4
cache_valley_uav,2023-11-16,2023-11-16,238.5,10.7,4
cache_valley_uav,2023-11-19,2023-11-19,260.3,6.1,4
cache_valley_uav,2023-11-24,2023-11-24,127.5,6.3,4
cache_valley_uav,2023-12-01,2023-12-03,286.4,12.5,12
cache_valley_uav,2023-12-07,2023-12-08,268.1,10.6,8
cache_valley_uav,2024-01-07,2024-01-07,249.6,4.9,4
cache_valley_uav,2024-01-09,2024-01-14,290.4,14.7,24
cache_valley_uav,2024-01-17,2024-01-17,272.7,14.4,4
cache_valley_uav,2024-01-25,2024-01-25,242.4,5.6,4
cache_valley_uav,2024-02-01,2024-02-03,222.3,5.7,12
cache_valley_uav,2024-02-05,2024-02-08,222.5,10.4,16
cache_valley_uav,2024-02-15,2024-02-16,271.2,11.4,8
cache_valley_uav,2024-02-18,2024-02-21,239.9,8.2,16
cache_valley_uav,2024-02-26,2024-02-27,272.1,13.6,8
cache_valley_uav,2024-03-02,2024-03-04,243.1,13.6,12
cache_valley_uav,2024-03-06,2024-03-06,251.0,12.3,4
cache_valley_uav,2024-03-12,2024-03-12,252.0,9.2,4
cache_valley_uav,2024-03-23,2024-03-26,288.7,4.8,16
cache_valley_uav,2024-03-28,2024-03-31,227.4,6.4,16
cache_valley_uav,2024-04-06,2024-04-06,286.2,7.5,4
cache_valley_uav,2024-04-15,2024-04-15,355.8,4.3,4
cache_valley_uav,2024-04-26,2024-04-27,30.2,1.5,8
cache_valley_uav,2024-05-05,2024-05-05,206.3,16.9,4
central_southern_tooele,2023-11-16,2023-11-16,234.0,12.9,4
central_southern_tooele,2023-11-19,2023-11-19,273.3,7.5,4
central_southern_tooele,2023-11-24,2023-11-24,240.7,5.9,4
central_southern_tooele,2023-12-01,2023-12-03,292.6,9.1,12
central_southern_tooele,2024-01-07,2024-01-07,261.7,7.2,4
central_southern_tooele,2024-01-09,2024-01-14,298.8,11.5,24
central_southern_tooele,2024-01-17,2024-01-17,272.1,11.8,4
central_southern_tooele,2024-01-25,2024-01-25,258.9,5.0,4
central_southern_tooele,2024-02-01,2024-02-03,227.6,6.9,12
central_southern_tooele,2024-02-05,2024-02-08,217.8,14.6,16
central_southern_tooele,2024-02-18,2024-02-21,236.8,12.0,16
central_southern_tooele,2024-02-26,2024-02-27,263.2,13.6,8
central_southern_tooele,2024-03-02,2024-03-04,243.5,17.4,12
central_southern_tooele,2024-03-06,2024-03-06,256.8,8.0,4
central_southern_tooele,2024-03-12,2024-03-12,255.1,9.6,4
central_southern_tooele,2024-03-15,2024-03-15,103.5,10.0,4
central_southern_tooele,2024-03-23,2024-03-26,282.7,5.7,16
central_southern_tooele,2024-03-28,2024-03-31,227.9,11.5,16
central_southern_tooele,2024-04-15,2024-04-15,264.2,6.7,4
central_southern_tooele,2024-04-26,2024-04-27,269.6,3.6,8
central_southern_tooele,2024-05-05,2024-05-05,215.3,20.7,4
east_shore,2023-10-26,2023-10-26,254.9,11.0,4
east_shore,2023-11-07,2023-11-07,282.6,6.7,4
east_shore,2023-11-19,2023-11-19,253.6,6.3,4
east_shore,2023-11-24,2023-11-24,129.0,5.0,4
east_shore,2023-12-01,2023-12-03,283.7,12.7,12
east_shore,2023-12-07,2023-12-08,260.1,10.9,8
east_shore,2024-01-07,2024-01-07,246.7,5.9,4
east_shore,2024-01-09,2024-01-14,287.2,14.1,24
east_shore,2024-01-17,2024-01-17,271.6,13.5,4
east_shore,2024-01-25,2024-01-25,245.1,4.9,4
east_shore,2024-02-01,2024-02-03,219.6,6.0,12
east_shore,2024-02-05,2024-02-08,218.7,10.9,16
east_shore,2024-02-15,2024-02-16,261.1,11.7,8
east_shore,2024-02-18,2024-02-21,234.8,9.4,16
east_shore,2024-02-26,2024-02-27,269.1,12.3,8
east_shore,2024-03-02,2024-03-04,241.9,12.3,12
east_shore,2024-03-06,2024-03-06,256.2,10.6,4
east_shore,2024-03-12,2024-03-12,257.8,9.4,4
east_shore,2024-03-15,2024-03-15,105.8,8.8,4
east_shore,2024-03-23,2024-03-26,282.9,5.0,16
east_shore,2024-03-28,2024-03-31,227.9,7.5,16
east_shore,2024-04-15,2024-04-15,312.7,2.9,4
east_shore,2024-04-26,2024-04-27,254.6,0.9,8
east_shore,2024-05-05,2024-05-05,204.6,16.9,4
high_uintas,2023-10-26,2023-10-26,258.6,9.8,4
high_uintas,2023-11-07,2023-11-07,254.3,7.5,4
high_uintas,2023-11-16,2023-11-16,244.1,5.1,4
high_uintas,2023-11-19,2023-11-19,272.0,3.7,4
high_uintas,2023-12-01,2023-12-03,301.6,8.3,12
high_uintas,2023-12-07,2023-12-08,282.6,5.9,8
high_uintas,2024-01-07,2024-01-07,194.7,2.1,4
high_uintas,2024-01-09,2024-01-14,303.8,9.2,24
high_uintas,2024-01-17,2024-01-17,278.8,5.5,4
high_uintas,2024-01-25,2024-01-25,281.6,1.4,4
high_uintas,2024-02-01,2024-02-03,212.1,1.1,12
high_uintas,2024-02-05,2024-02-08,201.7,3.3,16
high_uintas,2024-02-15,2024-02-16,289.6,7.2,8
high_uintas,2024-02-18,2024-02-21,249.7,4.4,16
high_uintas,2024-02-26,2024-02-27,286.0,9.2,8
high_uintas,2024-03-02,2024-03-04,259.0,5.7,12
high_uintas,2024-03-06,2024-03-06,266.4,6.0,4
high_uintas,2024-03-12,2024-03-12,271.6,5.0,4
high_uintas,2024-03-23,2024-03-26,315.6,3.4,16
high_uintas,2024-03-28,2024-03-31,216.5,3.1,16
high_uintas,2024-04-06,2024-04-06,302.7,5.1,4
high_uintas,2024-04-15,2024-04-15,187.3,3.2,4
high_uintas,2024-04-26,2024-04-27,203.1,0.7,8
high_uintas,2024-05-05,2024-05-05,188.1,9.0,4
northern_utah,2023-10-26,2023-10-26,259.1,12.9,4
northern_utah,2023-11-07,2023-11-07,276.2,9.7,4
northern_utah,2023-11-19,2023-11-19,259.0,6.7,4
northern_utah,2023-12-01,2023-12-03,291.5,12.7,12
northern_utah,2023-12-07,2023-12-08,275.8,10.4,8
northern_utah,2024-01-07,2024-01-07,257.1,4.9,4
northern_utah,2024-01-09,2024-01-14,293.6,14.9,24
northern_utah,2024-01-17,2024-01-17,283.4,15.2,4
northern_utah,2024-01-25,2024-01-25,241.0,5.5,4
northern_utah,2024-02-01,2024-02-03,211.2,6.8,12
northern_utah,2024-02-05,2024-02-08,218.6,10.3,16
northern_utah,2024-02-15,2024-02-16,278.8,11.4,8
northern_utah,2024-02-18,2024-02-21,241.7,7.6,16
northern_utah,2024-02-26,2024-02-27,273.6,14.1,8
northern_utah,2024-03-02,2024-03-04,242.8,13.3,12
northern_utah,2024-03-06,2024-03-06,252.4,11.7,4
northern_utah,2024-03-12,2024-03-12,248.5,9.0,4
northern_utah,2024-03-15,2024-03-15,87.9,10.1,4
northern_utah,2024-03-23,2024-03-26,288.6,4.3,16
northern_utah,2024-03-28,2024-03-31,222.6,6.2,16
northern_utah,2024-04-06,2024-04-06,270.9,6.4,4
northern_utah,2024-04-15,2024-04-15,13.1,3.6,4
northern_utah,2024-04-26,2024-04-27,12.5,3.7,8
northern_utah,2024-05-05,2024-05-05,201.6,17.0,4
