program,e0,e1,seeded,exp_mean_in,ctl_mean_in
book_cliffs,2019-10-29,2019-10-29,False,0.2,0.075
book_cliffs,2019-11-20,2019-11-20,False,1.267,0.925
book_cliffs,2019-11-25,2019-11-25,False,0.267,0.775
book_cliffs,2019-11-27,2019-11-29,False,2.933,2.575
book_cliffs,2019-12-04,2019-12-05,False,0.567,0.575
book_cliffs,2019-12-08,2019-12-08,False,0.3,0.1
book_cliffs,2019-12-12,2019-12-14,False,0.4,0.175
book_cliffs,2019-12-24,2019-12-25,False,1.2,0.85
book_cliffs,2020-01-01,2020-01-01,False,0.167,0.275
book_cliffs,2020-01-11,2020-01-11,False,0.067,0.175
book_cliffs,2020-01-17,2020-01-17,False,0.267,0.2
book_cliffs,2020-01-21,2020-01-21,False,0.167,0.4
book_cliffs,2020-02-03,2020-02-03,False,0.133,0.375
book_cliffs,2020-02-22,2020-02-22,False,0.6,0.25
book_cliffs,2020-03-08,2020-03-08,False,0.3,0.225
book_cliffs,2020-03-13,2020-03-14,False,1.167,0.6
book_cliffs,2020-03-18,2020-03-20,False,1.267,1.3
book_cliffs,2020-03-23,2020-03-25,False,0.3,0.325
book_cliffs,2020-03-29,2020-03-29,False,0.1,0.125
book_cliffs,2020-04-15,2020-04-16,False,0.067,0.15
cache_valley_uav,2019-10-19,2019-10-19,False,1.264,0.74
cache_valley_uav,2019-10-29,2019-10-29,False,0.382,0.15
cache_valley_uav,2019-11-20,2019-11-20,False,0.318,0.07
cache_valley_uav,2019-11-25,2019-11-25,False,0.391,0.07
cache_valley_uav,2019-11-27,2019-11-29,False,2.118,1.17
cache_valley_uav,2019-12-04,2019-12-05,False,0.336,0.11
cache_valley_uav,2019-12-08,2019-12-08,False,0.627,0.42
cache_valley_uav,2019-12-12,2019-12-14,False,2.327,1.18
cache_valley_uav,2020-01-01,2020-01-01,False,1.018,0.86
cache_valley_uav,2020-01-11,2020-01-11,False,0.7,0.49
cache_valley_uav,2020-01-13,2020-01-14,False,1.255,1.03
cache_valley_uav,2020-01-17,2020-01-17,False,0.509,0.28
cache_valley_uav,2020-01-21,2020-01-21,False,0.345,0.1
cache_valley_uav,2020-01-26,2020-01-27,False,0.5,0.68
cache_valley_uav,2020-02-03,2020-02-03,False,0.264,0.12
cache_valley_uav,2020-02-06,2020-02-07,False,2.082,2.15
cache_valley_uav,2020-02-16,2020-02-16,False,0.655,0.52
cache_valley_uav,2020-02-22,2020-02-22,False,0.018,0.12
cache_valley_uav,2020-03-08,2020-03-08,False,0.3,0.46
cache_valley_uav,2020-03-13,2020-03-14,False,0.164,0.45
cache_valley_uav,2020-03-18,2020-03-20,False,0.591,0.36
cache_valley_uav,2020-03-23,2020-03-25,False,1.9,0.98
cache_valley_uav,2020-03-29,2020-03-29,False,0.182,0.18
cache_valley_uav,2020-04-15,2020-04-16,False,0.718,0.64
central_southern_tooele,2019-10-19,2019-10-19,False,0.253,0.15
central_southern_tooele,2019-11-20,2019-11-20,False,1.084,1.525
central_southern_tooele,2019-11-25,2019-11-25,False,0.629,0.2
central_southern_tooele,2019-11-27,2019-11-29,False,2.266,2.95
central_southern_tooele,2019-12-04,2019-12-05,False,0.54,0.325
central_southern_tooele,2019-12-08,2019-12-08,False,0.507,0.225
central_southern_tooele,2019-12-12,2019-12-14,False,0.567,0.125
central_southern_tooele,2019-12-24,2019-12-25,False,0.557,0.975
central_southern_tooele,2020-01-01,2020-01-01,False,0.528,0.175
central_southern_tooele,2020-01-11,2020-01-11,False,0.293,0.05
central_southern_tooele,2020-01-17,2020-01-17,False,0.371,0.125
central_southern_tooele,2020-01-21,2020-01-21,False,0.259,0.175
central_southern_tooele,2020-02-03,2020-02-03,False,0.341,0.175
central_southern_tooele,2020-02-22,2020-02-22,False,0.597,0.875
central_southern_tooele,2020-03-08,2020-03-08,False,0.229,0.05
central_southern_tooele,2020-03-13,2020-03-14,False,0.702,1.3
central_southern_tooele,2020-03-18,2020-03-20,False,0.848,0.85
central_southern_tooele,2020-03-23,2020-03-25,False,0.524,0.25
central_southern_tooele,2020-03-29,2020-03-29,False,0.279,0.125
central_southern_tooele,2020-04-15,2020-04-16,False,0.345,0.1
east_shore,2019-10-19,2019-10-19,False,1.105,0.65
east_shore,2019-10-29,2019-10-29,False,0.381,0.15
east_shore,2019-11-20,2019-11-20,False,0.333,0.075
east_shore,2019-11-25,2019-11-25,False,0.367,0.05
east_shore,2019-11-27,2019-11-29,False,2.586,1.225
east_shore,2019-12-04,2019-12-05,False,0.429,0.125
east_shore,2019-12-08,2019-12-08,False,0.619,0.25
east_shore,2019-12-12,2019-12-14,False,2.619,1.15
east_shore,2020-01-01,2020-01-01,False,0.924,0.55
east_shore,2020-01-11,2020-01-11,False,0.833,0.425
east_shore,2020-01-13,2020-01-14,False,0.657,0.9
east_shore,2020-01-17,2020-01-17,False,0.657,0.25
east_shore,2020-01-21,2020-01-21,False,0.438,0.1
east_shore,2020-01-26,2020-01-27,False,0.633,0.4
east_shore,2020-02-03,2020-02-03,False,0.305,0.1
east_shore,2020-02-06,2020-02-07,False,1.848,1.425
east_shore,2020-02-16,2020-02-16,False,0.824,0.325
east_shore,2020-02-22,2020-02-22,False,0.071,0.15
east_shore,2020-03-08,2020-03-08,False,0.338,0.25
east_shore,2020-03-13,2020-03-14,False,0.071,0.225
east_shore,2020-03-18,2020-03-20,False,0.738,0.325
east_shore,2020-03-23,2020-03-25,False,1.762,0.95
east_shore,2020-03-29,2020-03-29,False,0.352,0.125
east_shore,2020-04-15,2020-04-16,False,0.79,0.45
high_uintas,2019-10-19,2019-10-19,False,0.549,0.425
high_uintas,2019-10-29,2019-10-29,False,0.21,0.175
high_uintas,2019-11-20,2019-11-20,False,0.49,0.15
high_uintas,2019-11-25,2019-11-25,False,0.359,0.15
high_uintas,2019-11-27,2019-11-29,False,1.912,1.975
high_uintas,2019-12-04,2019-12-05,False,0.28,0.1
high_uintas,2019-12-08,2019-12-08,False,0.373,0.175
high_uintas,2019-12-12,2019-12-14,False,1.349,0.925
high_uintas,2019-12-24,2019-12-25,False,0.417,0.2
high_uintas,2020-01-01,2020-01-01,False,0.529,0.625
high_uintas,2020-01-11,2020-01-11,False,0.376,0.35
high_uintas,2020-01-13,2020-01-14,False,0.402,0.675
high_uintas,2020-01-17,2020-01-17,False,0.339,0.275
high_uintas,2020-01-21,2020-01-21,False,0.334,0.075
high_uintas,2020-01-26,2020-01-27,False,0.293,0.375
high_uintas,2020-02-03,2020-02-03,False,0.161,0.15
high_uintas,2020-02-06,2020-02-07,False,0.863,1.575
high_uintas,2020-02-16,2020-02-16,False,0.371,0.275
high_uintas,2020-02-22,2020-02-22,False,0.073,0.125
high_uintas,2020-03-08,2020-03-08,False,0.351,0.325
high_uintas,2020-03-13,2020-03-14,False,0.422,0.25
high_uintas,2020-03-18,2020-03-20,False,0.812,0.475
high_uintas,2020-03-23,2020-03-25,False,0.798,0.925
high_uintas,2020-03-29,2020-03-29,False,0.266,0.175
high_uintas,2020-04-15,2020-04-16,False,0.571,0.4
northern_utah,2019-10-19,2019-10-19,False,1.016,0.713
northern_utah,2019-10-29,2019-10-29,False,0.326,0.173
northern_utah,2019-11-20,2019-11-20,False,0.289,0.067
northern_utah,2019-11-25,2019-11-25,False,0.458,0.073
northern_utah,2019-11-27,2019-11-29,False,2.2,1.153
northern_utah,2019-12-04,2019-12-05,False,0.321,0.113
northern_utah,2019-12-08,2019-12-08,True,0.521,0.46
northern_utah,2019-12-12,2019-12-14,True,2.305,1.12
northern_utah,2020-01-01,2020-01-01,True,0.937,0.887
northern_utah,2020-01-11,2020-01-11,True,0.695,0.52
northern_utah,2020-01-13,2020-01-14,True,1.011,1.013
northern_utah,2020-01-17,2020-01-17,True,0.437,0.273
northern_utah,2020-01-21,2020-01-21,False,0.332,0.113
northern_utah,2020-01-26,2020-01-27,True,0.495,0.7
northern_utah,2020-02-03,2020-02-03,True,0.295,0.22
northern_utah,2020-02-06,2020-02-07,False,1.489,2.18
northern_utah,2020-02-16,2020-02-16,True,0.621,0.587
northern_utah,2020-02-22,2020-02-22,False,0.053,0.107
northern_utah,2020-03-08,2020-03-08,False,0.258,0.5
northern_utah,2020-03-13,2020-03-14,True,0.211,0.427
northern_utah,2020-03-18,2020-03-20,True,0.626,0.32
northern_utah,2020-03-23,2020-03-25,True,1.668,0.853
northern_utah,2020-03-29,2020-03-29,True,0.221,0.193
northern_utah,2020-04-15,2020-04-16,False,0.632,0.68
