program,e0,e1,wind_dir_from_deg,wind_speed_ms,n_hours
cache_valley_uav,2024-10-17,2024-10-18,240.3,3.6,8
cache_valley_uav,2024-10-29,2024-10-29,8.5,7.2,4
cache_valley_uav,2024-11-02,2024-11-03,248.3,5.4,8
cache_valley_uav,2024-11-05,2024-11-05,305.0,13.6,4
cache_valley_uav,2024-11-12,2024-11-12,234.0,7.2,4
cache_valley_uav,2024-11-24,2024-11-24,290.8,6.9,4
cache_valley_uav,2024-11-26,2024-11-26,245.7,12.5,4
cache_valley_uav,2024-12-14,2024-12-14,242.2,10.4,4
cache_valley_uav,2024-12-25,2024-12-29,266.7,11.0,20
cache_valley_uav,2025-01-01,2025-01-01,264.3,9.0,4
cache_valley_uav,2025-01-04,2025-01-04,268.1,7.9,4
cache_valley_uav,2025-01-11,2025-01-11,316.5,12.8,4
cache_valley_uav,2025-02-01,2025-02-02,261.3,18.2,8
cache_valley_uav,2025-02-07,2025-02-07,239.4,18.8,4
cache_valley_uav,2025-02-13,2025-02-14,241.3,12.5,8
cache_valley_uav,2025-02-16,2025-02-17,286.0,13.0,8
cache_valley_uav,2025-02-20,2025-02-20,302.9,3.7,4
cache_valley_uav,2025-03-03,2025-03-03,218.0,6.3,4
cache_valley_uav,2025-03-05,2025-03-06,234.4,5.9,8
cache_valley_uav,2025-03-13,2025-03-15,247.7,8.7,12
cache_valley_uav,2025-03-17,2025-03-18,259.9,10.2,8
cache_valley_uav,2025-03-22,2025-03-22,268.7,10.7,4
cache_valley_uav,2025-03-29,2025-03-29,269.9,1.6,4
cache_valley_uav,2025-03-31,2025-04-01,269.7,7.1,8
cache_valley_uav,2025-04-17,2025-04-17,266.8,5.0,4
cache_valley_uav,2025-05-05,2025-05-05,48.3,1.9,4
central_southern_tooele,2024-10-17,2024-10-18,250.0,6.0,8
central_southern_tooele,2024-10-29,2024-10-29,269.6,5.5,4
central_southern_tooele,2024-11-02,2024-11-03,246.8,6.1,8
central_southern_tooele,2024-11-05,2024-11-05,327.4,9.2,4
central_southern_tooele,2024-11-12,2024-11-12,231.3,8.3,4
central_southern_tooele,2024-11-24,2024-11-24,244.7,13.5,4
central_southern_tooele,2024-11-26,2024-11-26,244.9,14.6,4
central_southern_tooele,2024-12-14,2024-12-14,241.9,9.3,4
central_southern_tooele,2024-12-25,2024-12-29,281.7,9.5,20
central_southern_tooele,2025-01-01,2025-01-01,288.4,7.1,4
central_southern_tooele,2025-01-04,2025-01-04,252.0,11.7,4
central_southern_tooele,2025-02-01,2025-02-02,260.3,14.3,8
central_southern_tooele,2025-02-07,2025-02-07,236.8,21.9,4
central_southern_tooele,2025-02-13,2025-02-14,240.3,15.2,8
central_southern_tooele,2025-02-16,2025-02-17,283.4,8.7,8
central_southern_tooele,2025-02-20,2025-02-20,287.7,6.9,4
central_southern_tooele,2025-03-03,2025-03-03,225.5,11.8,4
central_southern_tooele,2025-03-05,2025-03-06,227.6,9.5,8
central_southern_tooele,2025-03-13,2025-03-15,242.1,9.3,12
central_southern_tooele,2025-03-17,2025-03-18,246.0,13.0,8
central_southern_tooele,2025-03-29,2025-03-29,237.6,4.5,4
central_southern_tooele,2025-03-31,2025-04-01,259.8,10.9,8
central_southern_tooele,2025-04-17,2025-04-17,247.4,12.6,4
central_southern_tooele,2025-05-05,2025-05-05,82.2,3.5,4
high_uintas,2024-10-17,2024-10-18,212.8,2.9,8
high_uintas,2024-10-29,2024-10-29,204.2,2.7,4
high_uintas,2024-11-02,2024-11-03,231.3,1.8,8
high_uintas,2024-11-05,2024-11-05,316.8,10.0,4
high_uintas,2024-11-12,2024-11-12,219.2,2.7,4
high_uintas,2024-11-24,2024-11-24,270.4,4.5,4
high_uintas,2024-11-26,2024-11-26,255.4,4.5,4
high_uintas,2024-12-14,2024-12-14,263.1,2.5,4
high_uintas,2024-12-25,2024-12-29,292.1,6.1,20
high_uintas,2025-01-01,2025-01-01,292.9,3.5,4
high_uintas,2025-01-11,2025-01-11,320.9,10.2,4
high_uintas,2025-02-01,2025-02-02,272.9,10.1,8
high_uintas,2025-02-07,2025-02-07,246.6,10.4,4
high_uintas,2025-02-13,2025-02-14,266.8,4.5,8
high_uintas,2025-02-20,2025-02-20,268.8,2.3,4
high_uintas,2025-03-03,2025-03-03,188.6,3.3,4
high_uintas,2025-03-05,2025-03-06,219.2,2.0,8
high_uintas,2025-03-13,2025-03-15,275.5,3.9,12
high_uintas,2025-03-17,2025-03-18,262.7,6.3,8
high_uintas,2025-03-29,2025-03-29,271.9,1.9,4
high_uintas,2025-03-31,2025-04-01,274.8,3.7,8
high_uintas,2025-04-17,2025-04-17,261.4,4.9,4
high_uintas,2025-05-05,2025-05-05,106.7,2.5,4
northern_utah,2024-10-17,2024-10-18,257.5,2.4,8
northern_utah,2024-10-29,2024-10-29,12.8,6.0,4
northern_utah,2024-11-02,2024-11-03,254.7,5.4,8
northern_utah,2024-11-05,2024-11-05,310.2,14.9,4
northern_utah,2024-11-12,2024-11-12,230.1,5.4,4
northern_utah,2024-11-24,2024-11-24,289.6,7.0,4
northern_utah,2024-11-26,2024-11-26,247.1,12.8,4
northern_utah,2024-12-14,2024-12-14,241.4,12.2,4
northern_utah,2024-12-25,2024-12-29,271.3,11.0,20
northern_utah,2025-01-01,2025-01-01,265.8,9.8,4
northern_utah,2025-01-04,2025-01-04,270.3,8.9,4
northern_utah,2025-01-11,2025-01-11,323.7,12.3,4
northern_utah,2025-02-01,2025-02-02,266.6,19.1,8
northern_utah,2025-02-07,2025-02-07,239.0,19.1,4
northern_utah,2025-02-13,2025-02-14,241.3,12.4,8
northern_utah,2025-02-16,2025-02-17,287.4,13.3,8
northern_utah,2025-02-20,2025-02-20,324.1,4.6,4
northern_utah,2025-03-03,2025-03-03,195.3,7.9,4
northern_utah,2025-03-05,2025-03-06,222.9,6.4,8
northern_utah,2025-03-13,2025-03-15,248.5,7.5,12
northern_utah,2025-03-17,2025-03-18,264.1,8.8,8
northern_utah,2025-03-22,2025-03-22,277.7,11.0,4
northern_utah,2025-03-29,2025-03-29,279.0,1.7,4
northern_utah,2025-03-31,2025-04-01,271.5,7.9,8
northern_utah,2025-04-17,2025-04-17,254.3,6.3,4
northern_utah,2025-05-05,2025-05-05,48.4,2.0,4
western_uintas,2024-10-17,2024-10-18,225.0,4.2,8
western_uintas,2024-10-29,2024-10-29,336.1,3.5,4
western_uintas,2024-11-02,2024-11-03,222.8,6.1,8
western_uintas,2024-11-05,2024-11-05,304.3,11.7,4
western_uintas,2024-11-12,2024-11-12,212.6,8.0,4
western_uintas,2024-11-24,2024-11-24,250.6,6.0,4
western_uintas,2024-11-26,2024-11-26,229.1,11.3,4
western_uintas,2024-12-14,2024-12-14,231.7,8.3,4
western_uintas,2024-12-25,2024-12-29,264.1,9.9,20
western_uintas,2025-01-01,2025-01-01,266.3,5.3,4
western_uintas,2025-01-11,2025-01-11,302.6,11.3,4
western_uintas,2025-02-01,2025-02-02,248.7,14.0,8
western_uintas,2025-02-13,2025-02-14,234.7,12.3,8
western_uintas,2025-02-20,2025-02-20,253.7,4.4,4
western_uintas,2025-03-03,2025-03-03,197.0,5.2,4
western_uintas,2025-03-05,2025-03-06,222.5,6.5,8
western_uintas,2025-03-13,2025-03-15,237.4,8.0,12
western_uintas,2025-03-17,2025-03-18,232.9,12.2,8
western_uintas,2025-03-29,2025-03-29,254.8,1.9,4
western_uintas,2025-03-31,2025-04-01,263.2,7.6,8
western_uintas,2025-04-17,2025-04-17,260.8,6.1,4
western_uintas,2025-05-05,2025-05-05,69.9,3.0,4
