program,storm_no,date_start,date_end,n_sites,seeding_hours
central_southern_tooele,1,2024-11-02,2024-11-03,35,452.50
central_southern_tooele,2,2024-11-05,2024-11-05,16,92.50
central_southern_tooele,3,2024-11-12,2024-11-12,31,280.50
central_southern_tooele,4,2024-11-15,2024-11-16,4,18.50
central_southern_tooele,5,2024-11-23,2024-11-24,20,141.00
central_southern_tooele,6,2024-11-25,2024-11-27,30,592.00
central_southern_tooele,7,2024-12-09,2024-12-09,7,30.50
central_southern_tooele,8,2024-12-24,2024-12-25,9,57.75
central_southern_tooele,9,2024-12-26,2024-12-26,10,44.75
central_southern_tooele,10,2024-12-27,2024-12-27,14,76.75
central_southern_tooele,11,2024-12-29,2024-12-30,6,62.25
central_southern_tooele,12,2025-01-04,2025-01-04,19,146.00
central_southern_tooele,13,2025-01-07,2025-01-07,6,17.50
central_southern_tooele,14,2025-01-10,2025-01-11,16,198.50
central_southern_tooele,15,2025-01-12,2025-01-12,5,27.75
central_southern_tooele,16,2025-01-28,2025-01-28,4,19.25
central_southern_tooele,17,2025-02-07,2025-02-07,22,196.50
central_southern_tooele,18,2025-02-08,2025-02-08,4,6.75
central_southern_tooele,19,2025-02-13,2025-02-14,39,1075.25
central_southern_tooele,20,2025-02-20,2025-02-20,12,118.50
central_southern_tooele,21,2025-03-03,2025-03-03,13,77.25
central_southern_tooele,22,2025-03-06,2025-03-07,30,497.25
central_southern_tooele,23,2025-03-13,2025-03-14,38,563.75
central_southern_tooele,24,2025-03-15,2025-03-15,22,124.25
central_southern_tooele,25,2025-03-17,2025-03-18,33,380.50
central_southern_tooele,26,2025-03-29,2025-03-29,7,21.50
central_southern_tooele,27,2025-03-31,2025-04-01,24,411.25
central_southern_tooele,28,2025-04-02,2025-04-02,12,66.50
central_southern_tooele,29,2025-04-03,2025-04-03,12,68.00
central_southern_tooele,30,2025-04-17,2025-04-17,16,56.50
central_southern_tooele,31,2025-04-18,2025-04-18,8,40.75
western_uintas,1,2024-11-02,2024-11-03,9,109.00
western_uintas,2,2024-11-05,2024-11-05,5,38.00
western_uintas,3,2024-11-12,2024-11-12,9,69.00
western_uintas,4,2024-11-15,2024-11-16,10,98.00
western_uintas,5,2024-11-18,2024-11-18,5,25.00
western_uintas,6,2024-11-23,2024-11-24,12,116.25
western_uintas,7,2024-11-26,2024-11-27,10,101.50
western_uintas,8,2024-12-09,2024-12-09,2,7.00
western_uintas,9,2024-12-14,2024-12-15,8,63.25
western_uintas,10,2024-12-17,2024-12-17,7,31.25
western_uintas,11,2024-12-25,2024-12-25,4,13.75
western_uintas,12,2024-12-26,2024-12-26,11,51.25
western_uintas,13,2024-12-27,2024-12-27,10,71.50
western_uintas,14,2024-12-29,2024-12-30,12,152.75
western_uintas,15,2025-01-01,2025-01-02,7,71.25
western_uintas,16,2025-01-04,2025-01-04,9,60.75
western_uintas,17,2025-01-06,2025-01-06,2,12.00
western_uintas,18,2025-01-11,2025-01-11,7,25.75
western_uintas,19,2025-02-01,2025-02-01,4,13.75
western_uintas,20,2025-02-05,2025-02-05,4,17.25
western_uintas,21,2025-02-07,2025-02-07,7,53.75
western_uintas,22,2025-02-08,2025-02-08,9,25.00
western_uintas,23,2025-02-14,2025-02-15,10,163.75
western_uintas,24,2025-02-17,2025-02-18,8,64.75
western_uintas,25,2025-02-20,2025-02-20,4,18.00
western_uintas,26,2025-03-06,2025-03-07,4,70.25
western_uintas,27,2025-03-13,2025-03-14,5,31.25
western_uintas,28,2025-03-15,2025-03-15,4,31.75
western_uintas,29,2025-03-18,2025-03-18,2,20.00
western_uintas,30,2025-03-22,2025-03-22,5,29.00
western_uintas,31,2025-03-29,2025-03-29,2,13.25
western_uintas,32,2025-03-31,2025-04-01,6,76.50
western_uintas,33,2025-04-17,2025-04-18,4,48.00
western_uintas,34,2025-04-30,2025-04-30,4,25.00
book_cliffs,1,2024-11-02,2024-11-03,4,72.00
book_cliffs,2,2024-11-16,2024-11-16,1,4.50
book_cliffs,3,2024-11-25,2024-11-27,2,58.00
book_cliffs,4,2024-12-24,2024-12-25,4,48.50
book_cliffs,5,2024-12-26,2024-12-26,1,2.50
book_cliffs,6,2024-12-27,2024-12-27,3,19.50
book_cliffs,7,2025-02-13,2025-02-14,4,59.00
book_cliffs,8,2025-03-03,2025-03-03,2,10.25
book_cliffs,9,2025-03-06,2025-03-06,2,20.25
book_cliffs,10,2025-03-13,2025-03-14,2,15.75
high_uintas,1,2024-11-02,2024-11-03,7,90.75
high_uintas,2,2024-11-05,2024-11-05,2,16.00
high_uintas,3,2024-11-12,2024-11-12,10,59.25
high_uintas,4,2024-11-16,2024-11-16,3,15.75
high_uintas,5,2024-11-23,2024-11-24,7,101.75
high_uintas,6,2024-11-26,2024-11-27,10,113.00
high_uintas,7,2024-12-09,2024-12-09,4,18.00
high_uintas,8,2024-12-14,2024-12-15,3,42.25
high_uintas,9,2024-12-25,2024-12-25,3,13.00
high_uintas,10,2024-12-26,2024-12-26,7,35.00
high_uintas,11,2024-12-27,2024-12-27,9,53.00
high_uintas,12,2024-12-29,2024-12-30,7,85.75
high_uintas,13,2025-01-02,2025-01-02,1,10.50
high_uintas,14,2025-01-04,2025-01-04,10,52.50
high_uintas,15,2025-01-06,2025-01-06,4,23.50
high_uintas,16,2025-01-08,2025-01-09,2,34.25
high_uintas,17,2025-02-01,2025-02-02,6,102.00
high_uintas,18,2025-02-05,2025-02-05,6,38.75
high_uintas,19,2025-02-06,2025-02-07,11,148.25
high_uintas,20,2025-02-13,2025-02-15,11,193.75
high_uintas,21,2025-02-20,2025-02-20,7,49.25
high_uintas,22,2025-03-03,2025-03-04,3,40.00
high_uintas,23,2025-03-13,2025-03-13,9,79.50
high_uintas,24,2025-03-15,2025-03-15,4,32.00
high_uintas,25,2025-03-29,2025-03-29,3,22.25
high_uintas,26,2025-03-31,2025-04-01,11,148.00
high_uintas,27,2025-04-04,2025-04-04,5,37.25
high_uintas,28,2025-04-17,2025-04-18,7,69.50
high_uintas,29,2025-04-30,2025-04-30,2,11.25
six_creeks,1,2024-11-02,2024-11-03,1,8.00
six_creeks,2,2024-11-05,2024-11-05,3,17.75
six_creeks,3,2024-11-12,2024-11-12,2,15.25
six_creeks,4,2024-11-15,2024-11-16,3,29.50
six_creeks,5,2024-11-18,2024-11-19,3,34.50
six_creeks,6,2024-11-23,2024-11-24,2,25.25
six_creeks,7,2024-11-26,2024-11-27,2,32.50
six_creeks,8,2024-12-09,2024-12-09,2,8.00
six_creeks,9,2024-12-13,2024-12-13,1,5.00
six_creeks,10,2024-12-14,2024-12-15,4,12.50
six_creeks,11,2024-12-17,2024-12-17,4,13.75
six_creeks,12,2024-12-26,2024-12-26,6,28.75
six_creeks,13,2024-12-29,2024-12-30,1,22.25
six_creeks,14,2025-01-04,2025-01-04,6,56.00
six_creeks,15,2025-01-10,2025-01-11,4,37.50
six_creeks,16,2025-01-12,2025-01-12,1,5.00
six_creeks,17,2025-02-01,2025-02-01,1,3.25
six_creeks,18,2025-02-05,2025-02-05,1,1.75
six_creeks,19,2025-02-07,2025-02-07,8,48.25
six_creeks,20,2025-02-08,2025-02-08,6,26.75
six_creeks,21,2025-02-13,2025-02-15,6,112.25
six_creeks,22,2025-02-17,2025-02-17,1,10.00
six_creeks,23,2025-02-20,2025-02-20,2,8.50
six_creeks,24,2025-03-06,2025-03-07,2,25.25
six_creeks,25,2025-03-13,2025-03-14,7,99.50
six_creeks,26,2025-03-15,2025-03-15,5,49.25
six_creeks,27,2025-03-18,2025-03-18,5,47.00
six_creeks,28,2025-03-22,2025-03-22,4,29.00
six_creeks,29,2025-03-29,2025-03-29,5,30.25
six_creeks,30,2025-03-31,2025-04-01,6,85.50
six_creeks,31,2025-04-03,2025-04-03,1,5.75
northern_utah,1,2024-11-02,2024-11-03,5,44.25
northern_utah,2,2024-11-04,2024-11-05,16,151.25
northern_utah,3,2024-11-11,2024-11-12,15,126.75
northern_utah,4,2024-11-15,2024-11-16,10,119.50
northern_utah,5,2024-11-18,2024-11-18,12,67.75
northern_utah,6,2024-11-23,2024-11-24,8,79.25
northern_utah,7,2024-11-26,2024-11-27,15,171.25
northern_utah,8,2024-12-13,2024-12-13,8,48.25
northern_utah,9,2024-12-14,2024-12-15,18,271.50
northern_utah,10,2024-12-16,2024-12-17,11,68.75
northern_utah,11,2024-12-23,2024-12-23,1,0.25
northern_utah,12,2024-12-25,2024-12-25,2,9.50
northern_utah,13,2024-12-26,2024-12-26,13,93.25
northern_utah,14,2024-12-27,2024-12-27,9,44.25
northern_utah,15,2024-12-29,2024-12-30,17,232.00
northern_utah,16,2025-01-04,2025-01-04,12,96.00
northern_utah,17,2025-01-11,2025-01-11,9,99.00
northern_utah,18,2025-01-17,2025-01-17,4,17.50
northern_utah,19,2025-02-01,2025-02-01,11,107.00
northern_utah,20,2025-02-05,2025-02-05,10,28.75
northern_utah,21,2025-02-07,2025-02-07,16,104.50
northern_utah,22,2025-02-08,2025-02-08,6,18.00
northern_utah,23,2025-02-13,2025-02-15,21,409.25
northern_utah,24,2025-02-16,2025-02-17,11,142.75
northern_utah,25,2025-02-20,2025-02-20,8,59.00
northern_utah,26,2025-03-03,2025-03-04,4,30.95
northern_utah,27,2025-03-06,2025-03-07,17,231.75
northern_utah,28,2025-03-13,2025-03-13,16,120.75
northern_utah,29,2025-03-15,2025-03-15,12,135.00
northern_utah,30,2025-03-17,2025-03-18,12,138.75
northern_utah,31,2025-03-22,2025-03-22,7,61.75
northern_utah,32,2025-03-29,2025-03-29,12,69.50
northern_utah,33,2025-03-31,2025-04-01,13,189.00
northern_utah,34,2025-04-17,2025-04-18,12,112.75
east_shore,1,2024-11-02,2024-11-03,18,113.75
east_shore,2,2024-11-04,2024-11-05,13,177.75
east_shore,3,2024-11-11,2024-11-12,17,133.50
east_shore,4,2024-11-15,2024-11-16,16,171.25
east_shore,5,2024-11-18,2024-11-18,15,56.00
east_shore,6,2024-11-23,2024-11-24,8,69.25
east_shore,7,2024-11-26,2024-11-27,14,156.75
east_shore,8,2024-12-13,2024-12-13,13,65.75
east_shore,9,2024-12-14,2024-12-15,8,56.25
east_shore,10,2024-12-16,2024-12-17,8,26.50
east_shore,11,2024-12-23,2024-12-23,1,0.75
east_shore,12,2024-12-25,2024-12-25,4,13.25
east_shore,13,2024-12-26,2024-12-26,11,44.50
east_shore,14,2024-12-27,2024-12-27,9,44.75
east_shore,15,2024-12-29,2024-12-30,7,101.75
east_shore,16,2025-01-04,2025-01-04,7,60.75
east_shore,17,2025-01-11,2025-01-11,1,4.25
east_shore,18,2025-01-17,2025-01-17,3,11.50
east_shore,19,2025-02-01,2025-02-01,8,69.25
east_shore,20,2025-02-05,2025-02-05,4,10.00
east_shore,21,2025-02-07,2025-02-07,11,70.50
east_shore,22,2025-02-08,2025-02-08,10,30.00
east_shore,23,2025-02-13,2025-02-15,11,215.00
east_shore,24,2025-02-16,2025-02-17,11,123.50
east_shore,25,2025-02-20,2025-02-20,9,78.50
east_shore,26,2025-03-03,2025-03-04,4,29.50
east_shore,27,2025-03-06,2025-03-07,8,127.50
east_shore,28,2025-03-13,2025-03-13,10,104.00
east_shore,29,2025-03-15,2025-03-15,10,123.00
east_shore,30,2025-03-17,2025-03-18,8,108.00
east_shore,31,2025-03-22,2025-03-22,10,64.00
east_shore,32,2025-03-29,2025-03-29,8,55.00
east_shore,33,2025-03-31,2025-04-01,10,133.00
east_shore,34,2025-04-17,2025-04-18,4,34.00
