season,program,storm_no,date_start,date_end,n_sites,seeding_hours
2016-17,northern_utah,1,2016-12-01,2016-12-01,5,13.25
2016-17,northern_utah,2,2016-12-16,2016-12-16,9,43.0
2016-17,northern_utah,3,2016-12-24,2016-12-25,15,332.5
2016-17,northern_utah,4,2017-01-09,2017-01-10,13,252.25
2016-17,northern_utah,5,2017-01-11,2017-01-11,15,132.0
2016-17,northern_utah,6,2017-01-23,2017-01-24,9,157.75
2016-17,northern_utah,7,2017-02-04,2017-02-04,7,20.75
2016-17,western_uintas,1,2016-12-01,2016-12-01,2,8.5
2016-17,western_uintas,2,2016-12-04,2016-12-05,4,25.0
2016-17,western_uintas,3,2016-12-10,2016-12-11,2,26.0
2016-17,western_uintas,4,2016-12-16,2016-12-16,7,43.5
2016-17,western_uintas,5,2016-12-24,2016-12-25,7,101.5
2016-17,western_uintas,6,2017-01-04,2017-01-04,5,80.75
2016-17,western_uintas,7,2017-01-09,2017-01-09,3,16.0
2016-17,western_uintas,8,2017-01-11,2017-01-11,3,27.0
2016-17,western_uintas,9,2017-01-23,2017-01-24,4,31.75
2016-17,western_uintas,10,2017-03-23,2017-03-23,3,30.5
2016-17,western_uintas,11,2017-03-27,2017-03-28,2,30.0
2019-20,northern_utah,1,2019-12-08,2019-12-09,6,84.25
2019-20,northern_utah,2,2019-12-12,2019-12-13,15,186.5
2019-20,northern_utah,3,2019-12-14,2019-12-14,11,89.5
2019-20,northern_utah,4,2020-01-01,2020-01-02,18,355.5
2019-20,northern_utah,5,2020-01-08,2020-01-08,6,18.25
2019-20,northern_utah,6,2020-01-12,2020-01-13,12,127.75
2019-20,northern_utah,7,2020-01-14,2020-01-14,15,68.25
2019-20,northern_utah,8,2020-01-16,2020-01-17,10,96.0
2019-20,northern_utah,9,2020-01-28,2020-01-29,14,136.5
2019-20,northern_utah,10,2020-02-02,2020-02-03,4,39.0
2019-20,northern_utah,11,2020-02-16,2020-02-17,8,109.75
2019-20,northern_utah,12,2020-02-29,2020-03-01,1,10.0
2019-20,northern_utah,13,2020-03-14,2020-03-15,1,22.0
2019-20,northern_utah,14,2020-03-18,2020-03-18,5,19.0
2019-20,northern_utah,15,2020-03-21,2020-03-21,3,9.0
2019-20,northern_utah,16,2020-03-24,2020-03-25,20,352.0
2019-20,northern_utah,17,2020-03-30,2020-03-30,5,12.75
2019-20,northern_utah,18,2020-03-31,2020-03-31,8,61.5
2019-20,six_creeks,1,2019-11-25,2019-11-26,5,60.75
2019-20,six_creeks,2,2019-11-29,2019-11-30,4,72.5
2019-20,six_creeks,3,2019-12-14,2019-12-14,2,19.0
2019-20,six_creeks,4,2019-12-24,2019-12-26,1,38.75
2019-20,six_creeks,5,2020-01-01,2020-01-02,4,66.75
2019-20,six_creeks,6,2020-01-08,2020-01-08,1,3.5
2019-20,six_creeks,7,2020-01-11,2020-01-12,2,29.0
2019-20,six_creeks,8,2020-01-12,2020-01-12,4,39.5
2019-20,six_creeks,9,2020-01-14,2020-01-14,6,19.75
2019-20,six_creeks,10,2020-01-16,2020-01-17,5,33.5
2019-20,six_creeks,11,2020-01-22,2020-01-22,6,37.25
2019-20,six_creeks,12,2020-01-26,2020-01-27,2,27.0
2019-20,six_creeks,13,2020-01-28,2020-01-29,4,53.0
2019-20,six_creeks,14,2020-02-02,2020-02-03,4,42.5
2019-20,six_creeks,15,2020-02-16,2020-02-17,2,14.75
2019-20,six_creeks,16,2020-02-24,2020-02-24,1,3.0
2019-20,six_creeks,17,2020-03-01,2020-03-01,6,36.0
2019-20,six_creeks,18,2020-03-08,2020-03-08,3,16.25
2019-20,six_creeks,19,2020-03-14,2020-03-14,1,5.75
2019-20,six_creeks,20,2020-03-18,2020-03-18,6,29.0
2019-20,six_creeks,21,2020-03-24,2020-03-25,2,40.0
2019-20,six_creeks,22,2020-03-25,2020-03-26,3,42.75
2019-20,six_creeks,23,2020-04-01,2020-04-02,2,25.0
2019-20,six_creeks,24,2020-04-15,2020-04-16,5,82.75
2019-20,western_uintas,1,2019-12-08,2019-12-08,4,22.25
2019-20,western_uintas,2,2019-12-12,2019-12-13,6,80.0
2019-20,western_uintas,3,2019-12-14,2019-12-14,7,55.5
2019-20,western_uintas,4,2019-12-24,2019-12-25,2,48.0
2019-20,western_uintas,5,2020-01-01,2020-01-02,6,92.75
2019-20,western_uintas,6,2020-01-09,2020-01-09,4,10.25
2019-20,western_uintas,7,2020-01-12,2020-01-13,5,46.75
2019-20,western_uintas,8,2020-01-14,2020-01-14,8,24.0
2019-20,western_uintas,9,2020-01-16,2020-01-17,7,71.0
2019-20,western_uintas,10,2020-01-21,2020-01-22,6,80.25
2019-20,western_uintas,11,2020-01-26,2020-01-27,5,67.0
2019-20,western_uintas,12,2020-02-06,2020-02-07,3,52.75
2019-20,western_uintas,13,2020-02-16,2020-02-17,5,69.25
2019-20,western_uintas,14,2020-03-01,2020-03-01,5,34.0
2019-20,western_uintas,15,2020-03-08,2020-03-08,5,45.25
2019-20,western_uintas,16,2020-03-18,2020-03-18,6,25.75
2019-20,western_uintas,17,2020-03-21,2020-03-21,2,6.0
2019-20,western_uintas,18,2020-03-24,2020-03-26,3,126.0
2020-21,northern_utah,1,2020-12-22,2020-12-23,14,218.5
2020-21,northern_utah,2,2021-01-04,2021-01-05,9,84.5
2020-21,northern_utah,3,2021-01-23,2021-01-23,5,27.0
2020-21,northern_utah,4,2021-01-29,2021-01-30,14,174.25
2020-21,northern_utah,5,2021-02-03,2021-02-03,7,28.25
2020-21,northern_utah,6,2021-02-05,2021-02-05,9,81.25
2020-21,northern_utah,7,2021-02-13,2021-02-14,10,138.5
2020-21,northern_utah,8,2021-02-15,2021-02-17,15,378.0
2020-21,northern_utah,9,2021-02-19,2021-02-20,6,91.0
2020-21,northern_utah,10,2021-02-24,2021-02-24,1,3.75
2020-21,northern_utah,11,2021-02-26,2021-02-27,16,65.0
2020-21,northern_utah,12,2021-03-11,2021-03-11,2,6.0
2020-21,northern_utah,13,2021-03-20,2021-03-20,5,33.5
2020-21,northern_utah,14,2021-03-21,2021-03-21,5,21.25
2020-21,northern_utah,15,2021-03-22,2021-03-22,15,89.0
2020-21,northern_utah,16,2021-03-23,2021-03-23,4,18.25
2020-21,northern_utah,17,2021-04-05,2021-04-06,15,240.5
2020-21,northern_utah,18,2021-04-14,2021-04-14,5,23.25
2020-21,northern_utah,19,2021-04-15,2021-04-15,6,21.25
2020-21,northern_utah,20,2021-04-19,2021-04-19,4,12.0
2020-21,northern_utah,21,2021-04-26,2021-04-26,8,37.0
2020-21,western_uintas,1,2020-12-12,2020-12-12,3,11.5
2020-21,western_uintas,2,2020-12-17,2020-12-18,6,72.25
2020-21,western_uintas,3,2020-12-22,2020-12-23,3,49.5
2020-21,western_uintas,4,2021-01-04,2021-01-05,4,48.0
2020-21,western_uintas,5,2021-01-22,2021-01-23,6,122.75
2020-21,western_uintas,6,2021-01-29,2021-01-30,8,104.0
2020-21,western_uintas,7,2021-02-03,2021-02-03,9,81.5
2020-21,western_uintas,8,2021-02-05,2021-02-05,8,80.25
2020-21,western_uintas,9,2021-02-13,2021-02-14,9,164.25
2020-21,western_uintas,10,2021-02-15,2021-02-16,5,98.0
2020-21,western_uintas,11,2021-02-26,2021-02-27,8,105.0
2020-21,western_uintas,12,2021-03-09,2021-03-10,7,97.75
2020-21,western_uintas,13,2021-03-16,2021-03-16,1,3.0
2020-21,western_uintas,14,2021-03-20,2021-03-21,8,140.75
2020-21,western_uintas,15,2021-03-23,2021-03-23,1,6.75
2020-21,western_uintas,16,2021-03-25,2021-03-26,5,28.5
2020-21,western_uintas,17,2021-04-14,2021-04-14,3,20.25
2020-21,western_uintas,18,2021-04-15,2021-04-16,6,30.75
2020-21,western_uintas,19,2021-04-19,2021-04-19,2,8.0
2021-22,northern_utah,1,2021-12-08,2021-12-09,12,153.5
2021-22,northern_utah,2,2021-12-14,2021-12-15,20,217.5
2021-22,northern_utah,3,2021-12-16,2021-12-17,5,92.25
2021-22,northern_utah,4,2021-12-24,2021-12-25,3,44.0
2021-22,northern_utah,5,2021-12-30,2021-12-31,9,157.0
2021-22,northern_utah,6,2022-01-04,2022-01-04,10,59.0
2021-22,northern_utah,7,2022-01-07,2022-01-08,7,73.5
2021-22,northern_utah,8,2022-01-20,2022-01-21,5,55.0
2021-22,northern_utah,9,2022-03-08,2022-03-09,21,410.0
2021-22,northern_utah,10,2022-03-13,2022-03-13,14,94.5
2021-22,northern_utah,11,2022-03-20,2022-03-20,6,51.25
2021-22,northern_utah,12,2022-03-29,2022-03-29,8,62.25
2021-22,six_creeks,1,2021-12-08,2021-12-09,4,22.0
2021-22,six_creeks,2,2021-12-10,2021-12-10,4,28.5
2021-22,six_creeks,3,2021-12-14,2021-12-15,3,30.0
2021-22,six_creeks,4,2021-12-16,2021-12-17,3,66.0
2021-22,six_creeks,5,2021-12-24,2021-12-25,3,54.0
2021-22,six_creeks,6,2021-12-26,2021-12-26,4,31.0
2021-22,six_creeks,7,2021-12-30,2021-12-31,6,111.75
2021-22,six_creeks,8,2022-01-07,2022-01-08,1,11.5
2021-22,six_creeks,9,2022-01-20,2022-01-21,5,61.5
2021-22,six_creeks,10,2022-02-15,2022-02-16,5,57.5
2021-22,six_creeks,11,2022-02-21,2022-02-21,5,30.5
2021-22,six_creeks,12,2022-03-05,2022-03-06,7,106.75
2021-22,six_creeks,13,2022-03-08,2022-03-09,8,159.5
2021-22,six_creeks,14,2022-03-13,2022-03-13,2,4.0
2021-22,six_creeks,15,2022-03-16,2022-03-16,6,25.25
2021-22,six_creeks,16,2022-03-20,2022-03-20,4,30.75
2021-22,six_creeks,17,2022-03-29,2022-03-29,4,32.5
2021-22,six_creeks,18,2022-03-31,2022-03-31,5,24.75
2021-22,six_creeks,19,2022-04-04,2022-04-05,5,47.75
2021-22,six_creeks,20,2022-04-11,2022-04-13,6,93.0
2021-22,six_creeks,21,2022-04-14,2022-04-15,4,57.0
2021-22,western_uintas,1,2021-12-08,2021-12-09,6,99.25
2021-22,western_uintas,2,2021-12-14,2021-12-15,7,70.75
2021-22,western_uintas,3,2021-12-16,2021-12-17,6,97.75
2021-22,western_uintas,4,2021-12-26,2021-12-26,3,6.5
2021-22,western_uintas,5,2021-12-30,2021-12-31,7,183.5
2021-22,western_uintas,6,2022-01-05,2022-01-06,7,105.5
2021-22,western_uintas,7,2022-01-07,2022-01-08,7,65.0
2021-22,western_uintas,8,2022-01-20,2022-01-21,5,65.0
2021-22,western_uintas,9,2022-02-16,2022-02-16,8,63.5
2021-22,western_uintas,10,2022-03-04,2022-03-04,1,5.5
2021-22,western_uintas,11,2022-03-05,2022-03-06,1,18.0
2021-22,western_uintas,12,2022-03-08,2022-03-09,10,155.25
2021-22,western_uintas,13,2022-03-13,2022-03-13,7,30.75
2021-22,western_uintas,14,2022-03-16,2022-03-16,2,9.5
2021-22,western_uintas,15,2022-03-20,2022-03-20,9,56.75
2021-22,western_uintas,16,2022-03-29,2022-03-29,9,31.75
2021-22,western_uintas,17,2022-03-31,2022-03-31,6,25.0
2022-23,northern_utah,1,2022-12-01,2022-12-02,11,93.0
2022-23,northern_utah,2,2022-12-04,2022-12-05,5,45.25
2022-23,northern_utah,3,2022-12-11,2022-12-12,8,125.25
2022-23,northern_utah,4,2022-12-13,2022-12-13,3,16.75
2022-23,northern_utah,5,2022-12-21,2022-12-21,16,121.25
2022-23,northern_utah,6,2022-12-27,2022-12-29,15,172.75
2022-23,northern_utah,7,2023-01-05,2023-01-06,16,246.5
2022-23,northern_utah,8,2023-01-10,2023-01-11,20,276.75
2022-23,northern_utah,9,2023-01-17,2023-01-17,2,14.5
2022-23,northern_utah,10,2023-01-27,2023-01-28,13,186.75
2022-23,northern_utah,11,2023-02-05,2023-02-06,27,4.5
2022-23,northern_utah,12,2023-02-08,2023-02-08,23,3.25
2022-23,northern_utah,13,2023-02-21,2023-02-22,19,183.75
2022-23,northern_utah,14,2023-02-26,2023-02-27,350,24.25
2022-23,northern_utah,15,2023-03-03,2023-03-03,14,3.75
2022-23,northern_utah,16,2023-03-04,2023-03-05,3,44.5
2022-23,northern_utah,17,2023-03-05,2023-03-06,9,49.0
2022-23,northern_utah,18,2023-03-15,2023-03-15,7,4.75
2022-23,northern_utah,19,2023-03-20,2023-03-21,193,9.0
2022-23,northern_utah,20,2023-03-22,2023-03-23,6,115.5
2022-23,northern_utah,21,2023-03-24,2023-03-24,10,92.25
2022-23,six_creeks,1,2022-11-02,2022-11-02,1,13.0
2022-23,six_creeks,3,2022-11-28,2022-11-29,5,82.0
2022-23,six_creeks,5,2022-12-11,2022-12-14,7,173.0
2022-23,six_creeks,6,2022-12-15,2022-12-15,3,12.0
2022-23,six_creeks,7,2022-12-21,2022-12-22,4,64.5
2022-23,six_creeks,8,2022-12-27,2022-12-28,5,105.0
2022-23,six_creeks,9,2022-12-30,2022-12-31,6,22.0
2022-23,six_creeks,10,2023-01-05,2023-01-06,5,39.0
2022-23,six_creeks,11,2023-01-10,2023-01-11,8,106.75
2022-23,six_creeks,12,2023-01-15,2023-01-15,5,24.0
2022-23,six_creeks,13,2023-01-17,2023-01-18,6,99.5
2022-23,six_creeks,14,2023-01-27,2023-01-28,4,65.0
2022-23,six_creeks,15,2023-02-06,2023-02-06,4,26.0
2022-23,six_creeks,16,2023-02-08,2023-02-08,4,7.5
2022-23,western_uintas,1,2022-12-11,2022-12-13,8,224.75
2022-23,western_uintas,2,2022-12-15,2022-12-15,7,65.0
2022-23,western_uintas,3,2022-12-21,2022-12-21,6,54.5
2022-23,western_uintas,4,2022-12-27,2022-12-28,8,139.0
2022-23,western_uintas,5,2022-12-31,2022-12-31,2,13.5
2022-23,western_uintas,6,2023-01-06,2023-01-06,3,23.0
2022-23,western_uintas,7,2023-01-10,2023-01-11,8,138.75
2022-23,western_uintas,8,2023-01-15,2023-01-15,8,62.5
2022-23,western_uintas,9,2023-01-17,2023-01-18,1,17.25
2022-23,western_uintas,10,2023-01-27,2023-01-28,5,102.0
2022-23,western_uintas,11,2023-02-05,2023-02-05,7,45.25
2022-23,western_uintas,12,2023-02-06,2023-02-06,3,13.0
2022-23,western_uintas,13,2023-02-08,2023-02-08,6,30.0
2022-23,western_uintas,14,2023-02-21,2023-02-21,7,43.25
2022-23,western_uintas,15,2023-02-27,2023-02-28,8,102.5
2022-23,western_uintas,16,2023-03-04,2023-03-05,4,56.0
2022-23,western_uintas,17,2023-03-05,2023-03-06,6,76.0
2022-23,western_uintas,18,2023-03-08,2023-03-08,4,18.0
2022-23,western_uintas,19,2023-03-12,2023-03-12,5,25.0
2022-23,western_uintas,20,2023-03-15,2023-03-15,4,37.0
2022-23,western_uintas,21,2023-03-20,2023-03-20,4,32.0
2022-23,western_uintas,22,2023-03-22,2023-03-22,2,15.75
2023-24,northern_utah,1,2023-12-01,2023-12-02,9,135.25
2023-24,northern_utah,2,2023-12-02,2023-12-03,5,84.0
2023-24,northern_utah,3,2023-12-07,2023-12-07,4,20.5
2023-24,northern_utah,4,2023-12-07,2023-12-08,11,159.0
2023-24,northern_utah,5,2023-12-22,2023-12-23,5,27.5
2023-24,northern_utah,6,2024-01-04,2024-01-05,8,62.0
2023-24,northern_utah,7,2024-01-09,2024-01-10,11,139.0
2023-24,northern_utah,8,2024-01-10,2024-01-10,7,35.75
2023-24,northern_utah,9,2024-01-11,2024-01-12,10,120.0
2023-24,northern_utah,10,2024-01-25,2024-01-25,16,143.0
2023-24,northern_utah,11,2024-02-02,2024-02-02,6,35.75
2023-24,northern_utah,12,2024-02-06,2024-02-07,18,186.25
2023-24,northern_utah,13,2024-02-08,2024-02-08,2,13.0
2023-24,northern_utah,14,2024-02-09,2024-02-09,7,13.0
2023-24,northern_utah,15,2024-02-15,2024-02-15,4,25.25
2023-24,northern_utah,16,2024-02-16,2024-02-16,10,62.75
2023-24,northern_utah,17,2024-02-20,2024-02-21,14,113.0
2023-24,northern_utah,18,2024-02-26,2024-02-27,13,183.25
2023-24,northern_utah,19,2024-03-02,2024-03-02,9,31.5
2023-24,northern_utah,20,2024-03-03,2024-03-03,4,21.25
2023-24,northern_utah,21,2024-03-04,2024-03-04,5,18.25
2023-24,northern_utah,22,2024-03-12,2024-03-12,15,81.0
2023-24,northern_utah,23,2024-03-23,2024-03-23,14,66.25
2023-24,northern_utah,24,2024-03-24,2024-03-24,10,59.0
2023-24,northern_utah,25,2024-03-25,2024-03-25,4,15.75
2023-24,northern_utah,26,2024-03-26,2024-03-26,11,76.5
2023-24,northern_utah,27,2024-03-28,2024-03-28,12,48.75
2023-24,northern_utah,28,2024-03-30,2024-03-30,3,34.5
2023-24,northern_utah,29,2024-03-31,2024-03-31,3,25.0
2023-24,six_creeks,1,2023-11-16,2023-11-16,3,15.0
2023-24,six_creeks,2,2023-11-19,2023-11-20,3,57.25
2023-24,six_creeks,3,2023-12-02,2023-12-03,3,39.0
2023-24,six_creeks,4,2023-12-07,2023-12-07,1,2.0
2023-24,six_creeks,5,2023-12-07,2023-12-08,3,43.5
2023-24,six_creeks,6,2023-12-23,2023-12-23,4,19.25
2023-24,six_creeks,7,2024-01-05,2024-01-05,2,14.75
2023-24,six_creeks,8,2024-01-09,2024-01-10,6,88.0
2023-24,six_creeks,9,2024-01-10,2024-01-11,4,43.75
2023-24,six_creeks,10,2024-01-11,2024-01-12,2,22.0
2023-24,six_creeks,11,2024-01-12,2024-01-12,2,9.25
2023-24,six_creeks,12,2024-01-14,2024-01-15,3,45.0
2023-24,six_creeks,13,2024-01-17,2024-01-17,4,16.0
2023-24,six_creeks,14,2024-01-17,2024-01-18,4,31.0
2023-24,six_creeks,15,2024-01-21,2024-01-21,2,12.75
2023-24,six_creeks,16,2024-01-25,2024-01-25,5,44.75
2023-24,six_creeks,17,2024-02-02,2024-02-03,4,75.5
2023-24,six_creeks,18,2024-02-05,2024-02-05,1,7.75
2023-24,six_creeks,19,2024-02-06,2024-02-07,3,36.0
2023-24,six_creeks,20,2024-02-08,2024-02-09,6,110.25
2023-24,six_creeks,21,2024-02-15,2024-02-15,3,19.0
2023-24,six_creeks,22,2024-02-16,2024-02-16,5,24.25
2023-24,six_creeks,23,2024-02-18,2024-02-18,6,13.0
2023-24,six_creeks,24,2024-02-20,2024-02-21,3,22.0
2023-24,six_creeks,25,2024-02-22,2024-02-22,2,6.0
2023-24,six_creeks,26,2024-02-26,2024-02-27,5,41.25
2023-24,six_creeks,27,2024-03-07,2024-03-07,4,21.0
2023-24,six_creeks,28,2024-03-12,2024-03-12,4,27.25
2023-24,six_creeks,29,2024-03-13,2024-03-13,3,26.5
2023-24,six_creeks,30,2024-03-23,2024-03-23,6,21.25
2023-24,six_creeks,31,2024-03-24,2024-03-24,2,18.0
2023-24,six_creeks,32,2024-03-25,2024-03-25,7,42.0
2023-24,six_creeks,33,2024-03-26,2024-03-26,7,57.5
2023-24,six_creeks,34,2024-03-28,2024-03-28,4,23.0
2023-24,six_creeks,35,2024-03-31,2024-04-01,6,68.5
2023-24,six_creeks,36,2024-04-05,2024-04-07,5,128.75
2023-24,six_creeks,37,2024-04-15,2024-04-15,3,29.75
2023-24,western_uintas,1,2023-12-02,2023-12-03,5,95.5
2023-24,western_uintas,2,2023-12-07,2023-12-07,2,13.0
2023-24,western_uintas,3,2023-12-07,2023-12-08,9,127.5
2023-24,western_uintas,4,2023-12-23,2023-12-23,9,62.0
2023-24,western_uintas,5,2024-01-09,2024-01-10,4,53.5
2023-24,western_uintas,6,2024-01-10,2024-01-10,8,29.0
2023-24,western_uintas,7,2024-01-13,2024-01-15,8,172.0
2023-24,western_uintas,8,2024-01-17,2024-01-17,2,10.25
2023-24,western_uintas,9,2024-01-17,2024-01-18,2,22.25
2023-24,western_uintas,10,2024-01-21,2024-01-21,1,4.0
2023-24,western_uintas,11,2024-01-25,2024-01-25,6,55.25
2023-24,western_uintas,12,2024-02-02,2024-02-03,8,123.25
2023-24,western_uintas,13,2024-02-06,2024-02-07,7,73.25
2023-24,western_uintas,14,2024-02-09,2024-02-09,4,28.5
2023-24,western_uintas,15,2024-02-15,2024-02-15,4,20.75
2023-24,western_uintas,16,2024-02-16,2024-02-16,6,27.25
2023-24,western_uintas,17,2024-02-18,2024-02-18,6,25.0
2023-24,western_uintas,18,2024-02-20,2024-02-21,7,99.25
2023-24,western_uintas,19,2024-02-26,2024-02-27,4,63.0
2023-24,western_uintas,20,2024-03-02,2024-03-02,9,45.25
2023-24,western_uintas,21,2024-03-07,2024-03-07,7,52.75
2023-24,western_uintas,22,2024-03-12,2024-03-13,10,68.0
2023-24,western_uintas,23,2024-03-23,2024-03-23,7,28.25
2023-24,western_uintas,24,2024-03-24,2024-03-24,2,8.75
2023-24,western_uintas,25,2024-03-25,2024-03-25,4,23.75
2023-24,western_uintas,26,2024-03-26,2024-03-26,7,60.0
2023-24,western_uintas,27,2024-03-28,2024-03-28,8,35.5
2023-24,western_uintas,28,2024-04-06,2024-04-06,4,31.0
2023-24,western_uintas,29,2024-04-15,2024-04-16,6,90.75
2023-24,western_uintas,30,2024-04-26,2024-04-27,1,20.0
2023-24,western_uintas,31,2024-04-29,2024-04-29,5,23.75
2024-25,central_southern_tooele,1,2024-11-02,2024-11-03,35,452.5
2024-25,central_southern_tooele,2,2024-11-05,2024-11-05,16,92.5
2024-25,central_southern_tooele,3,2024-11-12,2024-11-12,31,280.5
2024-25,central_southern_tooele,4,2024-11-15,2024-11-16,4,18.5
2024-25,central_southern_tooele,5,2024-11-23,2024-11-24,20,141.0
2024-25,central_southern_tooele,6,2024-11-25,2024-11-27,30,592.0
2024-25,central_southern_tooele,7,2024-12-09,2024-12-09,7,30.5
2024-25,central_southern_tooele,8,2024-12-24,2024-12-25,9,57.75
2024-25,central_southern_tooele,9,2024-12-26,2024-12-26,10,44.75
2024-25,central_southern_tooele,10,2024-12-27,2024-12-27,14,76.75
2024-25,central_southern_tooele,11,2024-12-29,2024-12-30,6,62.25
2024-25,central_southern_tooele,12,2025-01-04,2025-01-04,19,146.0
2024-25,central_southern_tooele,13,2025-01-07,2025-01-07,6,17.5
2024-25,central_southern_tooele,14,2025-01-10,2025-01-11,16,198.5
2024-25,central_southern_tooele,15,2025-01-12,2025-01-12,5,27.75
2024-25,central_southern_tooele,16,2025-01-28,2025-01-28,4,19.25
2024-25,central_southern_tooele,17,2025-02-07,2025-02-07,22,196.5
2024-25,central_southern_tooele,18,2025-02-08,2025-02-08,4,6.75
2024-25,central_southern_tooele,19,2025-02-13,2025-02-14,39,1075.25
2024-25,central_southern_tooele,20,2025-02-20,2025-02-20,12,118.5
2024-25,central_southern_tooele,21,2025-03-03,2025-03-03,13,77.25
2024-25,central_southern_tooele,22,2025-03-06,2025-03-07,30,497.25
2024-25,central_southern_tooele,23,2025-03-13,2025-03-14,38,563.75
2024-25,central_southern_tooele,24,2025-03-15,2025-03-15,22,124.25
2024-25,central_southern_tooele,25,2025-03-17,2025-03-18,33,380.5
2024-25,central_southern_tooele,26,2025-03-29,2025-03-29,7,21.5
2024-25,central_southern_tooele,27,2025-03-31,2025-04-01,24,411.25
2024-25,central_southern_tooele,28,2025-04-02,2025-04-02,12,66.5
2024-25,central_southern_tooele,29,2025-04-03,2025-04-03,12,68.0
2024-25,central_southern_tooele,30,2025-04-17,2025-04-17,16,56.5
2024-25,central_southern_tooele,31,2025-04-18,2025-04-18,8,40.75
2024-25,western_uintas,1,2024-11-02,2024-11-03,9,109.0
2024-25,western_uintas,2,2024-11-05,2024-11-05,5,38.0
2024-25,western_uintas,3,2024-11-12,2024-11-12,9,69.0
2024-25,western_uintas,4,2024-11-15,2024-11-16,10,98.0
2024-25,western_uintas,5,2024-11-18,2024-11-18,5,25.0
2024-25,western_uintas,6,2024-11-23,2024-11-24,12,116.25
2024-25,western_uintas,7,2024-11-26,2024-11-27,10,101.5
2024-25,western_uintas,8,2024-12-09,2024-12-09,2,7.0
2024-25,western_uintas,9,2024-12-14,2024-12-15,8,63.25
2024-25,western_uintas,10,2024-12-17,2024-12-17,7,31.25
2024-25,western_uintas,11,2024-12-25,2024-12-25,4,13.75
2024-25,western_uintas,12,2024-12-26,2024-12-26,11,51.25
2024-25,western_uintas,13,2024-12-27,2024-12-27,10,71.5
2024-25,western_uintas,14,2024-12-29,2024-12-30,12,152.75
2024-25,western_uintas,15,2025-01-01,2025-01-02,7,71.25
2024-25,western_uintas,16,2025-01-04,2025-01-04,9,60.75
2024-25,western_uintas,17,2025-01-06,2025-01-06,2,12.0
2024-25,western_uintas,18,2025-01-11,2025-01-11,7,25.75
2024-25,western_uintas,19,2025-02-01,2025-02-01,4,13.75
2024-25,western_uintas,20,2025-02-05,2025-02-05,4,17.25
2024-25,western_uintas,21,2025-02-07,2025-02-07,7,53.75
2024-25,western_uintas,22,2025-02-08,2025-02-08,9,25.0
2024-25,western_uintas,23,2025-02-14,2025-02-15,10,163.75
2024-25,western_uintas,24,2025-02-17,2025-02-18,8,64.75
2024-25,western_uintas,25,2025-02-20,2025-02-20,4,18.0
2024-25,western_uintas,26,2025-03-06,2025-03-07,4,70.25
2024-25,western_uintas,27,2025-03-13,2025-03-14,5,31.25
2024-25,western_uintas,28,2025-03-15,2025-03-15,4,31.75
2024-25,western_uintas,29,2025-03-18,2025-03-18,2,20.0
2024-25,western_uintas,30,2025-03-22,2025-03-22,5,29.0
2024-25,western_uintas,31,2025-03-29,2025-03-29,2,13.25
2024-25,western_uintas,32,2025-03-31,2025-04-01,6,76.5
2024-25,western_uintas,33,2025-04-17,2025-04-18,4,48.0
2024-25,western_uintas,34,2025-04-30,2025-04-30,4,25.0
2024-25,book_cliffs,1,2024-11-02,2024-11-03,4,72.0
2024-25,book_cliffs,2,2024-11-16,2024-11-16,1,4.5
2024-25,book_cliffs,3,2024-11-25,2024-11-27,2,58.0
2024-25,book_cliffs,4,2024-12-24,2024-12-25,4,48.5
2024-25,book_cliffs,5,2024-12-26,2024-12-26,1,2.5
2024-25,book_cliffs,6,2024-12-27,2024-12-27,3,19.5
2024-25,book_cliffs,7,2025-02-13,2025-02-14,4,59.0
2024-25,book_cliffs,8,2025-03-03,2025-03-03,2,10.25
2024-25,book_cliffs,9,2025-03-06,2025-03-06,2,20.25
2024-25,book_cliffs,10,2025-03-13,2025-03-14,2,15.75
2024-25,high_uintas,1,2024-11-02,2024-11-03,7,90.75
2024-25,high_uintas,2,2024-11-05,2024-11-05,2,16.0
2024-25,high_uintas,3,2024-11-12,2024-11-12,10,59.25
2024-25,high_uintas,4,2024-11-16,2024-11-16,3,15.75
2024-25,high_uintas,5,2024-11-23,2024-11-24,7,101.75
2024-25,high_uintas,6,2024-11-26,2024-11-27,10,113.0
2024-25,high_uintas,7,2024-12-09,2024-12-09,4,18.0
2024-25,high_uintas,8,2024-12-14,2024-12-15,3,42.25
2024-25,high_uintas,9,2024-12-25,2024-12-25,3,13.0
2024-25,high_uintas,10,2024-12-26,2024-12-26,7,35.0
2024-25,high_uintas,11,2024-12-27,2024-12-27,9,53.0
2024-25,high_uintas,12,2024-12-29,2024-12-30,7,85.75
2024-25,high_uintas,13,2025-01-02,2025-01-02,1,10.5
2024-25,high_uintas,14,2025-01-04,2025-01-04,10,52.5
2024-25,high_uintas,15,2025-01-06,2025-01-06,4,23.5
2024-25,high_uintas,16,2025-01-08,2025-01-09,2,34.25
2024-25,high_uintas,17,2025-02-01,2025-02-02,6,102.0
2024-25,high_uintas,18,2025-02-05,2025-02-05,6,38.75
2024-25,high_uintas,19,2025-02-06,2025-02-07,11,148.25
2024-25,high_uintas,20,2025-02-13,2025-02-15,11,193.75
2024-25,high_uintas,21,2025-02-20,2025-02-20,7,49.25
2024-25,high_uintas,22,2025-03-03,2025-03-04,3,40.0
2024-25,high_uintas,23,2025-03-13,2025-03-13,9,79.5
2024-25,high_uintas,24,2025-03-15,2025-03-15,4,32.0
2024-25,high_uintas,25,2025-03-29,2025-03-29,3,22.25
2024-25,high_uintas,26,2025-03-31,2025-04-01,11,148.0
2024-25,high_uintas,27,2025-04-04,2025-04-04,5,37.25
2024-25,high_uintas,28,2025-04-17,2025-04-18,7,69.5
2024-25,high_uintas,29,2025-04-30,2025-04-30,2,11.25
2024-25,six_creeks,1,2024-11-02,2024-11-03,1,8.0
2024-25,six_creeks,2,2024-11-05,2024-11-05,3,17.75
2024-25,six_creeks,3,2024-11-12,2024-11-12,2,15.25
2024-25,six_creeks,4,2024-11-15,2024-11-16,3,29.5
2024-25,six_creeks,5,2024-11-18,2024-11-19,3,34.5
2024-25,six_creeks,6,2024-11-23,2024-11-24,2,25.25
2024-25,six_creeks,7,2024-11-26,2024-11-27,2,32.5
2024-25,six_creeks,8,2024-12-09,2024-12-09,2,8.0
2024-25,six_creeks,9,2024-12-13,2024-12-13,1,5.0
2024-25,six_creeks,10,2024-12-14,2024-12-15,4,12.5
2024-25,six_creeks,11,2024-12-17,2024-12-17,4,13.75
2024-25,six_creeks,12,2024-12-26,2024-12-26,6,28.75
2024-25,six_creeks,13,2024-12-29,2024-12-30,1,22.25
2024-25,six_creeks,14,2025-01-04,2025-01-04,6,56.0
2024-25,six_creeks,15,2025-01-10,2025-01-11,4,37.5
2024-25,six_creeks,16,2025-01-12,2025-01-12,1,5.0
2024-25,six_creeks,17,2025-02-01,2025-02-01,1,3.25
2024-25,six_creeks,18,2025-02-05,2025-02-05,1,1.75
2024-25,six_creeks,19,2025-02-07,2025-02-07,8,48.25
2024-25,six_creeks,20,2025-02-08,2025-02-08,6,26.75
2024-25,six_creeks,21,2025-02-13,2025-02-15,6,112.25
2024-25,six_creeks,22,2025-02-17,2025-02-17,1,10.0
2024-25,six_creeks,23,2025-02-20,2025-02-20,2,8.5
2024-25,six_creeks,24,2025-03-06,2025-03-07,2,25.25
2024-25,six_creeks,25,2025-03-13,2025-03-14,7,99.5
2024-25,six_creeks,26,2025-03-15,2025-03-15,5,49.25
2024-25,six_creeks,27,2025-03-18,2025-03-18,5,47.0
2024-25,six_creeks,28,2025-03-22,2025-03-22,4,29.0
2024-25,six_creeks,29,2025-03-29,2025-03-29,5,30.25
2024-25,six_creeks,30,2025-03-31,2025-04-01,6,85.5
2024-25,six_creeks,31,2025-04-03,2025-04-03,1,5.75
2024-25,northern_utah,1,2024-11-02,2024-11-03,5,44.25
2024-25,northern_utah,2,2024-11-04,2024-11-05,16,151.25
2024-25,northern_utah,3,2024-11-11,2024-11-12,15,126.75
2024-25,northern_utah,4,2024-11-15,2024-11-16,10,119.5
2024-25,northern_utah,5,2024-11-18,2024-11-18,12,67.75
2024-25,northern_utah,6,2024-11-23,2024-11-24,8,79.25
2024-25,northern_utah,7,2024-11-26,2024-11-27,15,171.25
2024-25,northern_utah,8,2024-12-13,2024-12-13,8,48.25
2024-25,northern_utah,9,2024-12-14,2024-12-15,18,271.5
2024-25,northern_utah,10,2024-12-16,2024-12-17,11,68.75
2024-25,northern_utah,11,2024-12-23,2024-12-23,1,0.25
2024-25,northern_utah,12,2024-12-25,2024-12-25,2,9.5
2024-25,northern_utah,13,2024-12-26,2024-12-26,13,93.25
2024-25,northern_utah,14,2024-12-27,2024-12-27,9,44.25
2024-25,northern_utah,15,2024-12-29,2024-12-30,17,232.0
2024-25,northern_utah,16,2025-01-04,2025-01-04,12,96.0
2024-25,northern_utah,17,2025-01-11,2025-01-11,9,99.0
2024-25,northern_utah,18,2025-01-17,2025-01-17,4,17.5
2024-25,northern_utah,19,2025-02-01,2025-02-01,11,107.0
2024-25,northern_utah,20,2025-02-05,2025-02-05,10,28.75
2024-25,northern_utah,21,2025-02-07,2025-02-07,16,104.5
2024-25,northern_utah,22,2025-02-08,2025-02-08,6,18.0
2024-25,northern_utah,23,2025-02-13,2025-02-15,21,409.25
2024-25,northern_utah,24,2025-02-16,2025-02-17,11,142.75
2024-25,northern_utah,25,2025-02-20,2025-02-20,8,59.0
2024-25,northern_utah,26,2025-03-03,2025-03-04,4,30.95
2024-25,northern_utah,27,2025-03-06,2025-03-07,17,231.75
2024-25,northern_utah,28,2025-03-13,2025-03-13,16,120.75
2024-25,northern_utah,29,2025-03-15,2025-03-15,12,135.0
2024-25,northern_utah,30,2025-03-17,2025-03-18,12,138.75
2024-25,northern_utah,31,2025-03-22,2025-03-22,7,61.75
2024-25,northern_utah,32,2025-03-29,2025-03-29,12,69.5
2024-25,northern_utah,33,2025-03-31,2025-04-01,13,189.0
2024-25,northern_utah,34,2025-04-17,2025-04-18,12,112.75
2024-25,east_shore,1,2024-11-02,2024-11-03,18,113.75
2024-25,east_shore,2,2024-11-04,2024-11-05,13,177.75
2024-25,east_shore,3,2024-11-11,2024-11-12,17,133.5
2024-25,east_shore,4,2024-11-15,2024-11-16,16,171.25
2024-25,east_shore,5,2024-11-18,2024-11-18,15,56.0
2024-25,east_shore,6,2024-11-23,2024-11-24,8,69.25
2024-25,east_shore,7,2024-11-26,2024-11-27,14,156.75
2024-25,east_shore,8,2024-12-13,2024-12-13,13,65.75
2024-25,east_shore,9,2024-12-14,2024-12-15,8,56.25
2024-25,east_shore,10,2024-12-16,2024-12-17,8,26.5
2024-25,east_shore,11,2024-12-23,2024-12-23,1,0.75
2024-25,east_shore,12,2024-12-25,2024-12-25,4,13.25
2024-25,east_shore,13,2024-12-26,2024-12-26,11,44.5
2024-25,east_shore,14,2024-12-27,2024-12-27,9,44.75
2024-25,east_shore,15,2024-12-29,2024-12-30,7,101.75
2024-25,east_shore,16,2025-01-04,2025-01-04,7,60.75
2024-25,east_shore,17,2025-01-11,2025-01-11,1,4.25
2024-25,east_shore,18,2025-01-17,2025-01-17,3,11.5
2024-25,east_shore,19,2025-02-01,2025-02-01,8,69.25
2024-25,east_shore,20,2025-02-05,2025-02-05,4,10.0
2024-25,east_shore,21,2025-02-07,2025-02-07,11,70.5
2024-25,east_shore,22,2025-02-08,2025-02-08,10,30.0
2024-25,east_shore,23,2025-02-13,2025-02-15,11,215.0
2024-25,east_shore,24,2025-02-16,2025-02-17,11,123.5
2024-25,east_shore,25,2025-02-20,2025-02-20,9,78.5
2024-25,east_shore,26,2025-03-03,2025-03-04,4,29.5
2024-25,east_shore,27,2025-03-06,2025-03-07,8,127.5
2024-25,east_shore,28,2025-03-13,2025-03-13,10,104.0
2024-25,east_shore,29,2025-03-15,2025-03-15,10,123.0
2024-25,east_shore,30,2025-03-17,2025-03-18,8,108.0
2024-25,east_shore,31,2025-03-22,2025-03-22,10,64.0
2024-25,east_shore,32,2025-03-29,2025-03-29,8,55.0
2024-25,east_shore,33,2025-03-31,2025-04-01,10,133.0
2024-25,east_shore,34,2025-04-17,2025-04-18,4,34.0
