program,date_start,date_end,wind_dir_from_deg,wind_speed_ms,n_hours
central_southern_tooele,2024-11-02,2024-11-03,246.8,6.1,8
central_southern_tooele,2024-11-05,2024-11-05,327.4,9.2,4
central_southern_tooele,2024-11-12,2024-11-12,231.3,8.3,4
central_southern_tooele,2024-11-15,2024-11-16,231.4,9.5,8
central_southern_tooele,2024-11-23,2024-11-24,236.2,15.8,8
central_southern_tooele,2024-11-25,2024-11-27,266.2,7.3,12
central_southern_tooele,2024-12-09,2024-12-09,336.8,7.8,4
central_southern_tooele,2024-12-24,2024-12-25,237.1,5.2,8
central_southern_tooele,2024-12-26,2024-12-26,315.3,7.2,4
central_southern_tooele,2024-12-27,2024-12-27,281.1,13.2,4
central_southern_tooele,2024-12-29,2024-12-30,276.4,12.5,8
central_southern_tooele,2025-01-04,2025-01-04,252.0,11.7,4
central_southern_tooele,2025-01-07,2025-01-07,32.6,5.5,4
central_southern_tooele,2025-01-10,2025-01-11,349.8,9.5,8
central_southern_tooele,2025-01-12,2025-01-12,14.7,7.0,4
central_southern_tooele,2025-01-28,2025-01-28,79.0,8.3,4
central_southern_tooele,2025-02-07,2025-02-07,236.8,21.9,4
central_southern_tooele,2025-02-08,2025-02-08,279.8,7.9,4
central_southern_tooele,2025-02-13,2025-02-14,240.3,15.2,8
central_southern_tooele,2025-02-20,2025-02-20,287.7,6.9,4
central_southern_tooele,2025-03-03,2025-03-03,225.5,11.8,4
central_southern_tooele,2025-03-06,2025-03-07,234.8,9.8,8
central_southern_tooele,2025-03-13,2025-03-14,231.3,11.3,8
central_southern_tooele,2025-03-15,2025-03-15,279.4,7.0,4
central_southern_tooele,2025-03-17,2025-03-18,246.0,13.0,8
central_southern_tooele,2025-03-29,2025-03-29,237.6,4.5,4
central_southern_tooele,2025-03-31,2025-04-01,259.8,10.9,8
central_southern_tooele,2025-04-02,2025-04-02,315.4,2.0,4
central_southern_tooele,2025-04-03,2025-04-03,18.2,3.3,4
central_southern_tooele,2025-04-17,2025-04-17,247.4,12.6,4
central_southern_tooele,2025-04-18,2025-04-18,325.3,6.9,4
western_uintas,2024-11-02,2024-11-03,222.8,6.1,8
western_uintas,2024-11-05,2024-11-05,304.3,11.7,4
western_uintas,2024-11-12,2024-11-12,212.6,8.0,4
western_uintas,2024-11-15,2024-11-16,213.9,8.2,8
western_uintas,2024-11-18,2024-11-18,254.5,6.5,4
western_uintas,2024-11-23,2024-11-24,225.1,11.0,8
western_uintas,2024-11-26,2024-11-27,260.3,5.9,8
western_uintas,2024-12-09,2024-12-09,324.7,9.0,4
western_uintas,2024-12-14,2024-12-15,237.0,10.8,8
western_uintas,2024-12-17,2024-12-17,264.3,11.1,4
western_uintas,2024-12-25,2024-12-25,213.1,6.7,4
western_uintas,2024-12-26,2024-12-26,279.2,6.8,4
western_uintas,2024-12-27,2024-12-27,273.2,11.8,4
western_uintas,2024-12-29,2024-12-30,273.8,10.8,8
western_uintas,2025-01-01,2025-01-02,273.2,9.5,8
western_uintas,2025-01-04,2025-01-04,245.1,10.6,4
western_uintas,2025-01-06,2025-01-06,321.4,4.9,4
western_uintas,2025-01-11,2025-01-11,302.6,11.3,4
western_uintas,2025-02-01,2025-02-01,255.2,12.0,4
western_uintas,2025-02-05,2025-02-05,229.5,20.0,4
western_uintas,2025-02-07,2025-02-07,228.7,20.6,4
western_uintas,2025-02-08,2025-02-08,310.1,7.0,4
western_uintas,2025-02-14,2025-02-15,253.6,10.4,8
western_uintas,2025-02-17,2025-02-18,288.9,9.4,8
western_uintas,2025-02-20,2025-02-20,253.7,4.4,4
western_uintas,2025-03-06,2025-03-07,212.0,8.1,8
western_uintas,2025-03-13,2025-03-14,224.1,9.4,8
western_uintas,2025-03-15,2025-03-15,273.5,7.3,4
western_uintas,2025-03-18,2025-03-18,256.3,8.7,4
western_uintas,2025-03-22,2025-03-22,266.2,9.7,4
western_uintas,2025-03-29,2025-03-29,254.8,1.9,4
western_uintas,2025-03-31,2025-04-01,263.2,7.6,8
western_uintas,2025-04-17,2025-04-18,284.1,4.1,8
western_uintas,2025-04-30,2025-04-30,294.8,5.7,4
book_cliffs,2024-11-02,2024-11-03,228.9,5.1,8
book_cliffs,2024-11-16,2024-11-16,276.8,6.7,4
book_cliffs,2024-11-25,2024-11-27,294.7,5.0,12
book_cliffs,2024-12-24,2024-12-25,244.5,3.3,8
book_cliffs,2024-12-26,2024-12-26,289.5,4.6,4
book_cliffs,2024-12-27,2024-12-27,277.3,10.4,4
book_cliffs,2025-02-13,2025-02-14,242.7,9.8,8
book_cliffs,2025-03-03,2025-03-03,205.4,10.5,4
book_cliffs,2025-03-06,2025-03-06,202.0,11.5,4
book_cliffs,2025-03-13,2025-03-14,242.1,7.3,8
high_uintas,2024-11-02,2024-11-03,231.3,1.8,8
high_uintas,2024-11-05,2024-11-05,316.8,10.0,4
high_uintas,2024-11-12,2024-11-12,219.2,2.7,4
high_uintas,2024-11-16,2024-11-16,299.5,3.3,4
high_uintas,2024-11-23,2024-11-24,242.9,4.4,8
high_uintas,2024-11-26,2024-11-27,306.3,4.0,8
high_uintas,2024-12-09,2024-12-09,329.2,9.6,4
high_uintas,2024-12-14,2024-12-15,265.4,4.5,8
high_uintas,2024-12-25,2024-12-25,198.4,1.2,4
high_uintas,2024-12-26,2024-12-26,307.8,4.0,4
high_uintas,2024-12-27,2024-12-27,287.0,6.7,4
high_uintas,2024-12-29,2024-12-30,293.1,9.4,8
high_uintas,2025-01-02,2025-01-02,296.2,10.9,4
high_uintas,2025-01-04,2025-01-04,262.9,2.6,4
high_uintas,2025-01-06,2025-01-06,337.1,4.3,4
high_uintas,2025-01-08,2025-01-09,18.5,5.6,8
high_uintas,2025-02-01,2025-02-02,272.9,10.1,8
high_uintas,2025-02-05,2025-02-05,238.8,8.5,4
high_uintas,2025-02-06,2025-02-07,256.3,8.9,8
high_uintas,2025-02-13,2025-02-15,287.3,5.2,12
high_uintas,2025-02-20,2025-02-20,268.8,2.3,4
high_uintas,2025-03-03,2025-03-04,331.4,3.6,8
high_uintas,2025-03-13,2025-03-13,207.9,6.9,4
high_uintas,2025-03-15,2025-03-15,305.1,6.1,4
high_uintas,2025-03-29,2025-03-29,271.9,1.9,4
high_uintas,2025-03-31,2025-04-01,274.8,3.7,8
high_uintas,2025-04-04,2025-04-04,45.8,1.5,4
high_uintas,2025-04-17,2025-04-18,286.7,2.9,8
high_uintas,2025-04-30,2025-04-30,309.8,5.1,4
six_creeks,2024-11-02,2024-11-03,233.4,5.9,8
six_creeks,2024-11-05,2024-11-05,307.8,11.1,4
six_creeks,2024-11-12,2024-11-12,214.9,10.0,4
six_creeks,2024-11-15,2024-11-16,219.9,7.9,8
six_creeks,2024-11-18,2024-11-19,289.1,6.6,8
six_creeks,2024-11-23,2024-11-24,229.3,10.6,8
six_creeks,2024-11-26,2024-11-27,269.0,6.8,8
six_creeks,2024-12-09,2024-12-09,328.0,8.8,4
six_creeks,2024-12-13,2024-12-13,232.8,9.5,4
six_creeks,2024-12-14,2024-12-15,240.7,11.3,8
six_creeks,2024-12-17,2024-12-17,264.5,11.7,4
six_creeks,2024-12-26,2024-12-26,282.6,6.7,4
six_creeks,2024-12-29,2024-12-30,274.5,11.0,8
six_creeks,2025-01-04,2025-01-04,249.5,10.4,4
six_creeks,2025-01-10,2025-01-11,332.9,8.6,8
six_creeks,2025-01-12,2025-01-12,358.8,6.4,4
six_creeks,2025-02-01,2025-02-01,263.8,13.3,4
six_creeks,2025-02-05,2025-02-05,228.1,18.8,4
six_creeks,2025-02-07,2025-02-07,226.5,18.9,4
six_creeks,2025-02-08,2025-02-08,308.0,7.2,4
six_creeks,2025-02-13,2025-02-15,251.7,10.3,12
six_creeks,2025-02-17,2025-02-17,281.6,11.1,4
six_creeks,2025-02-20,2025-02-20,270.5,5.4,4
six_creeks,2025-03-06,2025-03-07,220.4,7.7,8
six_creeks,2025-03-13,2025-03-14,223.7,11.0,8
six_creeks,2025-03-15,2025-03-15,272.7,7.2,4
six_creeks,2025-03-18,2025-03-18,267.9,7.4,4
six_creeks,2025-03-22,2025-03-22,273.3,10.3,4
six_creeks,2025-03-29,2025-03-29,267.2,1.3,4
six_creeks,2025-03-31,2025-04-01,265.3,8.2,8
six_creeks,2025-04-03,2025-04-03,77.6,1.7,4
northern_utah,2024-11-02,2024-11-03,254.7,5.4,8
northern_utah,2024-11-04,2024-11-05,328.9,10.6,8
northern_utah,2024-11-11,2024-11-12,231.7,8.6,8
northern_utah,2024-11-15,2024-11-16,221.5,5.3,8
northern_utah,2024-11-18,2024-11-18,262.6,9.7,4
northern_utah,2024-11-23,2024-11-24,251.2,9.4,8
northern_utah,2024-11-26,2024-11-27,272.6,7.7,8
northern_utah,2024-12-13,2024-12-13,236.1,7.3,4
northern_utah,2024-12-14,2024-12-15,251.1,11.8,8
northern_utah,2024-12-16,2024-12-17,272.0,13.4,8
northern_utah,2024-12-23,2024-12-23,291.0,9.9,4
northern_utah,2024-12-25,2024-12-25,225.6,6.5,4
northern_utah,2024-12-26,2024-12-26,270.2,9.9,4
northern_utah,2024-12-27,2024-12-27,272.4,11.8,4
northern_utah,2024-12-29,2024-12-30,284.1,14.1,8
northern_utah,2025-01-04,2025-01-04,270.3,8.9,4
northern_utah,2025-01-11,2025-01-11,323.7,12.3,4
northern_utah,2025-01-17,2025-01-17,301.9,10.4,4
northern_utah,2025-02-01,2025-02-01,274.6,18.7,4
northern_utah,2025-02-05,2025-02-05,241.0,18.3,4
northern_utah,2025-02-07,2025-02-07,239.0,19.1,4
northern_utah,2025-02-08,2025-02-08,287.7,9.5,4
northern_utah,2025-02-13,2025-02-15,257.9,10.1,12
northern_utah,2025-02-16,2025-02-17,287.4,13.3,8
northern_utah,2025-02-20,2025-02-20,324.1,4.6,4
northern_utah,2025-03-03,2025-03-04,272.5,1.9,8
northern_utah,2025-03-06,2025-03-07,204.8,2.8,8
northern_utah,2025-03-13,2025-03-13,216.1,15.1,4
northern_utah,2025-03-15,2025-03-15,273.1,6.8,4
northern_utah,2025-03-17,2025-03-18,264.1,8.8,8
northern_utah,2025-03-22,2025-03-22,277.7,11.0,4
northern_utah,2025-03-29,2025-03-29,279.0,1.7,4
northern_utah,2025-03-31,2025-04-01,271.5,7.9,8
northern_utah,2025-04-17,2025-04-18,283.3,1.5,8
east_shore,2024-11-02,2024-11-03,237.3,5.6,8
east_shore,2024-11-04,2024-11-05,328.0,9.4,8
east_shore,2024-11-11,2024-11-12,229.4,9.5,8
east_shore,2024-11-15,2024-11-16,224.9,6.7,8
east_shore,2024-11-18,2024-11-18,264.2,9.1,4
east_shore,2024-11-23,2024-11-24,238.5,8.2,8
east_shore,2024-11-26,2024-11-27,266.3,7.2,8
east_shore,2024-12-13,2024-12-13,235.2,8.1,4
east_shore,2024-12-14,2024-12-15,248.2,11.3,8
east_shore,2024-12-16,2024-12-17,269.4,11.8,8
east_shore,2024-12-23,2024-12-23,289.1,8.0,4
east_shore,2024-12-25,2024-12-25,226.9,8.4,4
east_shore,2024-12-26,2024-12-26,278.4,9.0,4
east_shore,2024-12-27,2024-12-27,276.5,12.4,4
east_shore,2024-12-29,2024-12-30,279.4,12.9,8
east_shore,2025-01-04,2025-01-04,263.0,7.9,4
east_shore,2025-01-11,2025-01-11,312.7,13.3,4
east_shore,2025-01-17,2025-01-17,290.7,10.5,4
east_shore,2025-02-01,2025-02-01,261.3,14.2,4
east_shore,2025-02-05,2025-02-05,237.2,18.8,4
east_shore,2025-02-07,2025-02-07,237.5,19.0,4
east_shore,2025-02-08,2025-02-08,296.1,9.0,4
east_shore,2025-02-13,2025-02-15,258.6,9.9,12
east_shore,2025-02-16,2025-02-17,285.4,11.9,8
east_shore,2025-02-20,2025-02-20,273.5,3.8,4
east_shore,2025-03-03,2025-03-04,278.6,3.4,8
east_shore,2025-03-06,2025-03-07,219.2,6.2,8
east_shore,2025-03-13,2025-03-13,216.0,18.0,4
east_shore,2025-03-15,2025-03-15,267.9,7.9,4
east_shore,2025-03-17,2025-03-18,248.1,9.8,8
east_shore,2025-03-22,2025-03-22,270.3,11.8,4
east_shore,2025-03-29,2025-03-29,251.0,1.5,4
east_shore,2025-03-31,2025-04-01,264.1,8.4,8
east_shore,2025-04-17,2025-04-18,259.6,3.1,8
